shop_id,sales_amount
1,216393.14
2,128628.28
3,135885.76
4,143160.03
5,177396.07
6,203857.22
7,237091.62
8,183010.5
9,237314.5
10,13165.56
11,232061.86
12,370022.84
13,16833.65
14,99552.53
15,87764.28
16,264839.92
17,338719.47000000003
18,20790.93
19,86973.59
20,152171.31
21,60179.67
22,160650.37
23,73521.66
24,218170.63
25,38029.34
26,264952.12
27,163866.72999999998
28,776339.8800000001
29,300584.01
30,51187.869999999995
31,98916.06
32,163302.66
33,22022.68
34,196219.97
35,54484.2
36,250734.15
37,51454.12
38,183541.83000000002
39,611984.69
40,120226.11
41,130511.98000000001
42,66884.49
43,21265.14
44,151438.95
45,184236.40000000002
46,318985.81000000006
47,154108.11
48,140343.47
49,583140.0
50,244710.9
51,331147.38
52,122615.53000000001
53,109591.97
54,423026.82999999996
55,99969.64
56,71389.53
57,41641.55
58,93949.9
59,22849.05
60,141553.47999999998
61,101885.41
62,306836.11
63,65480.61
64,296767.36
65,51753.89
66,103870.32
67,82891.20999999999
68,161663.72999999998
69,102350.04999999999
70,281153.5
71,400250.7
72,268109.57
73,98467.99
74,29762.29
75,325739.95
76,86397.0
77,60347.82
78,410661.86
79,60627.46000000001
80,352671.97
81,125383.79999999999
82,731704.3
83,299263.11
84,288471.64
85,379998.58
86,122194.98
87,146282.81000000003
88,90765.86
89,652437.0700000001
90,182279.3
91,22689.96
92,108630.12
93,248196.49000000002
94,52775.06
95,628575.01
96,358653.77
97,49894.27999999999
98,259599.06999999998
99,37276.04
100,83000.11
101,216248.75
102,47149.11
103,97255.32
104,18000.989999999998
105,142171.54
106,195345.38
107,112304.20999999999
108,109466.26
109,207040.44
110,28811.18
111,57180.829999999994
112,214326.28
113,37747.98
114,78813.47
115,15878.150000000001
116,460060.01
117,207124.44
118,40510.41
119,185422.24
120,44869.48
121,232907.21
122,89593.59999999999
123,265768.45
124,124153.62000000001
125,351094.87
126,42088.770000000004
127,521394.31
128,74278.99000000002
129,295519.23
130,505682.07999999996
131,75902.03
132,21996.300000000003
133,148657.53999999998
134,30781.82
135,71311.5
136,83609.47
137,266358.92999999993
138,170234.88
139,209378.31
140,46331.64
141,143529.65999999997
142,84270.2
143,21161.88
144,93001.81
145,113545.31
146,80764.44
147,325128.62
148,201421.06
149,490879.26
150,262518.92
151,291098.47
152,27972.769999999997
153,89180.15000000001
154,34082.049999999996
155,241450.31
156,127235.90000000001
157,139170.21000000002
158,730118.29
159,190121.51
160,285378.49
161,55027.19
162,169975.81
163,226402.13999999998
164,592908.77
165,97329.34
166,56720.240000000005
167,130292.43
168,268376.18
169,197503.79000000004
170,45264.69000000001
171,480364.25
172,74187.32
173,321971.04000000004
174,170669.81
175,59510.759999999995
176,284448.73000000004
177,33053.69
178,244908.96
179,159227.36000000002
180,114836.45000000001
181,197755.41999999998
182,145823.88999999998
183,465263.51999999996
184,83739.39000000001
185,28535.82
186,453873.06
187,300586.44
188,537906.12
189,124131.15
190,148507.67
191,374065.53
192,288374.82
193,62149.93
194,127772.87
195,16818.120000000003
196,364941.99
197,202163.08000000002
198,151465.49
199,45163.43
200,153909.13
201,67252.91
202,304181.1
203,116890.34
204,37066.22
205,138350.81
206,542351.23
207,203702.71000000002
208,365942.42
209,61672.78
210,152256.28000000003
211,40989.4
212,386335.98
213,108887.22
214,116312.15999999999
215,38394.58
216,65070.97
217,252115.09999999998
218,280406.19000000006
219,29616.480000000003
220,369976.2899999999
221,148751.01
222,97808.58
223,58918.76
224,459057.24
225,114597.48999999999
226,25581.9
227,31170.82
228,161187.55
229,340481.41
230,278467.87
231,191044.62
232,34398.600000000006
233,16749.97
234,210749.47
235,48560.31
236,28897.010000000002
237,101547.39000000003
238,30334.519999999997
239,455706.80999999994
240,341794.47000000003
241,243163.51
242,25049.63
243,247420.12
244,323958.47
245,155779.9
246,62559.600000000006
247,195260.44999999998
248,181596.42
249,98387.56
250,333148.1
251,416435.4
252,46391.670000000006
253,35901.01999999999
254,60358.07
255,22423.629999999997
256,156367.67
257,78651.65
258,426866.15
259,93051.82
260,180229.47
261,23768.659999999996
262,129577.48
263,38203.36
264,618753.1599999999
265,107092.62
266,79583.66
267,68928.19
268,59833.66
269,418383.11
270,125588.34
271,334449.5
272,71320.09
273,345334.85
274,220418.53
275,346277.86
276,102886.92000000001
277,334649.70999999996
278,19306.820000000003
279,518919.1599999999
280,426563.44
281,175875.22
282,219864.52
283,73884.65000000001
284,248171.85000000003
285,59393.340000000004
286,192160.23
287,263955.52
288,564554.25
289,257132.22999999998
290,45463.0
291,99593.29000000001
292,188500.40000000002
293,82759.21
294,88424.31
295,82361.66
296,92386.38
297,118912.23000000001
298,301183.65
299,72789.23999999999
300,72040.65
301,253861.84
302,93051.42
303,52950.16
304,154523.76
305,443323.88
306,90535.51000000001
307,280066.35000000003
308,234474.61000000004
309,196148.82
310,50343.86
311,132290.82
312,182949.88
313,74237.57999999999
314,62974.08
315,26168.21
316,234077.36
317,157110.39
318,157687.26
319,33020.54
320,50241.299999999996
321,43716.12
322,25130.379999999997
323,694277.0800000001
324,21396.44
325,66422.45
326,76389.64
327,571787.77
328,115955.19
329,248496.96000000002
330,343871.5
331,64838.12999999999
332,51862.38
333,92152.62000000001
334,247688.09
335,237193.21000000002
336,284623.64999999997
337,231048.41999999998
338,65365.020000000004
339,134779.02000000002
340,63964.70999999999
341,198316.49
342,71948.54000000001
343,62156.29
344,117883.34
345,18355.010000000002
346,127435.6
347,226817.21
348,223973.38
349,136160.18
350,180591.47000000003
351,335336.44
352,233219.22
353,710614.48
354,34820.57
355,97450.39000000001
356,147665.97999999998
357,175121.03999999998
358,59758.75
359,10107.96
360,32388.67
361,90694.04000000001
362,166572.11
363,163820.88
364,89570.53
365,80628.87
366,23192.300000000003
367,43155.399999999994
368,331703.52
369,27215.73
370,40032.71
371,117759.18
372,96440.52
373,115995.37
374,25592.86
375,62775.05
376,23706.4
377,79771.67
378,52509.39
379,112530.62
380,258515.02999999997
381,17820.81
382,107371.25
383,430730.39
384,191125.22999999998
385,272017.6
386,229608.79000000004
387,160971.57
388,58891.990000000005
389,392837.83
390,57816.689999999995
391,50974.479999999996
392,140605.66999999998
393,166674.33000000002
394,95289.62000000001
395,223087.85000000003
396,116849.44
397,65983.91
398,114229.84
399,156087.0
400,151596.82
401,41120.700000000004
402,417348.39999999997
403,465379.70999999996
404,72369.19
405,144830.81
406,258315.91
407,280234.04
408,162507.84
409,36621.9
410,45504.45
411,149953.16999999998
412,190586.66
413,274301.8
414,259340.86
415,90755.83000000002
416,297468.94999999995
417,80279.88999999998
418,82439.03
419,130224.07999999999
420,384155.18
421,39425.86
422,127262.94
423,83231.87999999999
424,47260.649999999994
425,82235.12000000001
426,216505.27
427,409446.29
428,162962.13
429,411455.76
430,99537.25
431,210457.07
432,165970.07
433,66758.04000000001
434,312799.30999999994
435,26708.22
436,76512.82
437,106164.12
438,18696.989999999998
439,45413.98
440,23010.92
441,74046.82
442,108219.84
443,53998.1
444,198360.38999999998
445,66112.35
446,94456.28
447,12295.96
448,39607.92
449,218555.54
450,158387.75999999998
451,37592.75
452,345080.87
453,160139.68
454,146389.56
455,173618.90000000002
456,209841.19
457,18275.91
458,73321.82
459,304272.37
460,140120.8
461,562906.6300000001
462,133073.38
463,106004.43000000001
464,64240.37000000001
465,238932.03999999998
466,301899.7
467,321679.56999999995
468,21568.010000000002
469,85359.52
470,108119.34
471,546494.74
472,274465.14
473,369850.17
474,166131.51
475,49154.009999999995
476,96126.53
477,28837.059999999998
478,430223.77
479,127386.01000000001
480,111941.97
481,91541.22
482,134928.66999999998
483,31156.12
484,56509.28
485,57446.71
486,83498.5
487,61710.79
488,206934.19999999998
489,622663.66
490,33113.92
491,457337.66000000003
492,206042.97000000003
493,250305.95
494,152470.95
495,57323.12
496,209834.78
497,52374.130000000005
498,114566.59999999999
499,92634.73999999999
500,77482.81
501,28955.54
502,69471.73000000001
503,112634.03
504,141467.86000000002
505,122328.39
506,213538.64
507,219730.00999999998
508,305020.27
509,67854.73000000001
510,242481.16000000003
511,82145.35999999999
512,46574.48
513,54326.35999999999
514,29771.6
515,298792.99
516,25416.57
517,736778.62
518,66763.20000000001
519,124376.48
520,211468.23
521,175348.05
522,463248.52
523,291892.16000000003
524,22640.280000000002
525,134460.12
526,106699.8
527,249622.45
528,189704.97000000003
529,294601.89
530,70713.68
531,29689.14
532,59198.600000000006
533,47587.32000000001
534,101306.40000000001
535,86083.34
536,113572.82000000002
537,89694.94
538,35007.89
539,605527.22
540,112219.4
541,147607.12
542,68326.33
543,73206.66
544,568835.71
545,77270.61000000002
546,23066.420000000006
547,30968.379999999997
548,40925.64
549,17634.98
550,350722.01
551,210416.34000000003
552,63343.219999999994
553,16102.700000000003
554,251158.45000000004
555,578103.77
556,237273.62
557,749381.59
558,77195.46
559,214205.43
560,548417.96
561,12186.800000000001
562,204193.61
563,141481.68000000002
564,28086.28
565,235666.97999999998
566,169160.86000000002
567,209662.16999999998
568,71100.84000000001
569,263575.60000000003
570,193601.14
571,74817.26000000001
572,215060.8
573,60919.4
574,324006.15
575,21323.56
576,203524.36000000002
577,26863.72
578,309508.56
579,434563.01
580,340656.65
581,397639.83999999997
582,313689.76
583,149376.43000000002
584,126572.51999999999
585,298652.74000000005
586,195874.06
587,63102.36
588,302043.92000000004
589,87972.27
590,259584.40999999997
591,35389.71
592,212593.78
593,22301.72
594,263746.29000000004
595,224880.07
596,467579.27
597,114425.6
598,245014.85
599,35650.219999999994
600,51523.970000000016
601,561454.4600000001
602,227469.62
603,381772.35
604,233410.19
605,386777.17000000004
606,66804.37
607,251577.06000000003
608,123643.25
609,32222.89
610,17844.07
611,31426.690000000002
612,125496.48999999999
613,81921.04000000001
614,270852.45
615,301636.55
616,32733.010000000002
617,26726.100000000002
618,55205.700000000004
619,278686.69999999995
620,45349.07999999999
621,37664.61
622,34195.81
623,507133.85
624,405939.37
625,236691.19
626,65611.17
627,298260.5
628,348916.85
629,307945.91000000003
630,348931.43000000005
631,118721.86
632,207580.45
633,312859.81
634,239383.01
635,38672.86
636,153942.65
637,323408.02999999997
638,180467.87
639,62966.76
640,199436.64
641,130444.61000000002
642,91264.03
643,172039.87
644,29212.199999999997
645,137551.65000000002
646,102884.85999999999
647,219805.86
648,37666.28
649,257544.18
650,299267.82
651,353206.9
652,250477.11000000002
653,81706.43000000002
654,198709.66999999998
655,391444.72000000003
656,452795.98
657,114611.86
658,51333.18
659,44962.18000000001
660,316728.84
661,27787.36
662,187819.18999999997
663,240602.97
664,385768.30000000005
665,191584.98
666,449774.37999999995
667,95216.31
668,282137.60000000003
669,133320.01
670,66173.98
671,243831.65
672,309253.33
673,2140756.66
674,29128.370000000003
675,143078.66999999998
676,65565.54
677,35629.55
678,470832.42000000004
679,39549.66
680,425713.63
681,93568.09
682,387191.72
683,88302.33
684,54922.770000000004
685,292076.51999999996
686,404490.93
687,102699.72
688,271300.19999999995
689,100912.78
690,209105.9
691,113078.24
692,160137.49
693,94152.04999999999
694,139691.3
695,751411.49
696,38710.88999999999
697,32337.28
698,207171.18
699,55914.1
700,98725.4
701,373053.27
702,298746.47000000003
703,498759.95999999996
704,115997.33
705,213122.95
706,28061.0
707,310234.29000000004
708,169671.2
709,129776.33
710,602271.1699999999
711,233621.51
712,60423.070000000014
713,173625.03999999998
714,46567.16
715,259447.42000000004
716,81206.68
717,568564.1100000001
718,102968.28
719,316715.44
720,177095.62
721,99258.10999999999
722,95975.58
723,124456.34
724,164670.32
725,838111.0700000001
726,384784.79
727,13494.65
728,32128.47
729,303262.5
730,232189.68
731,32332.65
732,76612.83
733,480196.6
734,398339.52
735,62916.020000000004
736,818873.67
737,327271.48
738,191902.13
739,235389.6
740,15257.6
741,589908.89
742,198095.04
743,250670.58000000002
744,46609.43000000001
745,82213.83000000002
746,55351.16
747,171370.56
748,471237.24
749,556057.02
750,94740.29000000001
751,311596.49
752,182188.40000000005
753,442255.94
754,11076.090000000002
755,176712.83000000002
756,17407.770000000004
757,124834.94
758,75390.65
759,77868.26000000001
760,110190.82
761,34097.880000000005
762,70946.11
763,9580.460000000003
764,95990.29000000001
765,86341.68000000001
766,436310.62
767,29258.82
768,121969.4
769,40630.28
770,58349.92
771,281984.56
772,287867.58
773,47665.0
774,236935.63999999998
775,111561.12000000001
776,49664.259999999995
777,296792.31
778,173229.65
779,586964.03
780,34867.29
781,412257.94999999995
782,612879.0900000001
783,200855.7
784,42640.14
785,120694.19000000002
786,552383.6499999999
787,289508.65
788,424957.18000000005
789,158358.66
790,88320.26000000001
791,53292.259999999995
792,45186.8
793,199118.19
794,30177.030000000002
795,157610.66999999998
796,87938.5
797,126526.95000000001
798,419347.26
799,193539.59
800,128373.63999999998
801,600172.93
802,383190.66000000003
803,267123.0
804,54154.170000000006
805,27475.009999999995
806,113511.21
807,404784.53
808,573092.06
809,132320.65999999997
810,22857.71
811,117846.70999999999
812,30983.27
813,68950.65000000001
814,309743.19999999995
815,111239.79000000001
816,292265.01
817,123846.20000000001
818,45825.46
819,502631.16000000003
820,16456.06
821,192354.98
822,39738.66
823,108015.78
824,241936.18
825,13719.789999999999
826,219097.79
827,83120.43
828,44178.70999999999
829,295211.04000000004
830,277451.59
831,124997.51000000001
832,170329.41999999998
833,70817.83
834,272851.59
835,549341.3300000001
836,39409.049999999996
837,330234.99
838,237658.86000000002
839,445543.05999999994
840,105410.0
841,44900.56
842,285580.62
843,41754.11
844,36183.42
845,79750.99
846,291350.95999999996
847,60684.59999999999
848,173464.62
849,251436.06
850,60094.82000000001
851,120957.61000000002
852,113680.13
853,199656.06
854,26310.87
855,183077.25
856,211430.67
857,81280.77
858,347327.04000000004
859,88217.46
860,33319.06
861,111417.41
862,136918.49
863,203492.17
864,55359.48
865,565818.1599999999
866,220350.72
867,37415.77
868,114041.99
869,69585.43
870,125142.45
871,131735.64
872,353912.03
873,77544.7
874,89891.26999999999
875,32272.69
876,52543.12
877,466124.73
878,51798.79
879,27944.409999999996
880,392974.03
881,236563.16000000003
882,230008.95
883,69291.23
884,51283.979999999996
885,690371.38
886,149677.22999999998
887,275511.43
888,33180.72
889,266617.77
890,50260.54
891,112807.42
892,631474.33
893,216031.21000000002
894,154694.5
895,67678.69
896,47170.31
897,207120.93
898,54629.54
899,564802.84
900,22874.04
901,422715.82999999996
902,712648.8999999999
903,219145.57
904,325576.06000000006
905,107947.85
906,195187.90000000002
907,34232.2
908,71800.9
909,29704.600000000002
910,65756.88999999998
911,19103.08
912,550068.77
913,279698.34
914,105966.14
915,178625.9
916,378298.57999999996
917,226000.66999999998
918,51541.33
919,53654.6
920,57910.58000000001
921,44937.66
922,26705.07
923,16706.65
924,132647.23
925,336859.07
926,106307.35
927,188497.13
928,322263.57
929,91167.13
930,32206.97
931,63857.63
932,134058.71
933,26532.869999999995
934,33456.39
935,91297.80000000002
936,75012.91
937,167801.09999999998
938,572338.6400000001
939,118342.93000000001
940,455558.87
941,42181.1
942,483090.74000000005
943,402510.55000000005
944,108562.55000000002
945,414630.69
946,329264.80000000005
947,17675.3
948,84364.23000000001
949,832284.77
950,21265.45
951,67259.38999999998
952,51650.96
953,116159.57999999999
954,149705.18
955,18303.73
956,362913.31
957,159155.58000000002
958,53993.68000000001
959,163017.16
960,58100.369999999995
961,110575.9
962,231998.8
963,79414.49
964,328799.57999999996
965,24808.68
966,55836.880000000005
967,208957.71
968,41924.82
969,101187.17000000001
970,68365.67
971,619095.0
972,50167.4
973,291158.32999999996
974,329537.43000000005
975,113071.04
976,23148.629999999997
977,88266.1
978,552994.27
979,99744.53
980,328113.5
981,105104.23999999999
982,102791.13
983,80341.85000000002
984,45650.060000000005
985,146644.4
986,104537.45000000001
987,483518.34
988,611088.49
989,236738.50000000003
990,30074.170000000006
991,300179.41000000003
992,45655.6
993,15170.35
994,82068.58
995,515710.81999999995
996,166836.07
997,102683.81
998,169754.91999999998
999,121172.88999999998
1000,376644.83999999997
1001,306003.82
1002,110649.66999999998
1003,51036.630000000005
1004,41814.399999999994
1005,38175.98
1006,231871.93
1007,49967.85
1008,46834.32000000001
1009,301691.11
1010,618989.53
1011,302606.65
1012,29827.76
1013,39528.64
1014,77952.32999999999
1015,112017.20000000001
1016,82654.73000000001
1017,456544.75999999995
1018,12032.91
1019,19986.420000000002
1020,90236.27
1021,65108.1
1022,40204.740000000005
1023,95479.84999999999
1024,593667.95
1025,143447.69
1026,157508.46000000002
1027,194191.78999999998
1028,73095.38
1029,39162.94
1030,656746.97
1031,78698.89
1032,453817.69000000006
1033,134984.03
1034,123810.57
1035,163083.72999999998
1036,453518.16
1037,63021.43000000001
1038,314023.49
1039,19627.5
1040,205636.71000000002
1041,443515.01
1042,417371.36
1043,288386.58
1044,182368.13
1045,281593.63
1046,200211.35
1047,58577.67
1048,175236.03999999998
1049,127652.11
1050,53210.009999999995
1051,628233.1299999999
1052,102512.73999999999
1053,571803.4099999999
1054,40766.72
1055,173548.72999999998
1056,89461.53999999998
1057,809665.23
1058,38824.79000000001
1059,37760.229999999996
1060,382176.43000000005
1061,130684.16999999998
1062,151178.28
1063,258650.68
1064,204211.5
1065,84477.87
1066,500435.49
1067,131219.53
1068,25770.64
1069,48776.479999999996
1070,720857.0
1071,80399.16
1072,57098.53
1073,86185.75
1074,23743.86
1075,223927.52
1076,41803.45999999999
1077,119397.01000000001
1078,182202.91999999998
1079,74504.44
1080,172901.24
1081,163849.19999999998
1082,89932.19
1083,42427.0
1084,93434.48
1085,156058.43
1086,96350.14
1087,452318.5
1088,159551.27000000002
1089,137510.09
1090,19426.64
1091,82832.26000000001
1092,131194.19
1093,68758.34999999999
1094,36134.69
1095,124717.31999999999
1096,314822.56
1097,40625.43
1098,109730.9
1099,214357.37
1100,101300.62
1101,53636.34
1102,29846.350000000006
1103,212512.53999999998
1104,37866.72
1105,78619.57
1106,22550.34
1107,205823.49
1108,387910.52
1109,124780.03
1110,75682.22
1111,52125.88
1112,22293.019999999997
1113,187691.64
1114,208334.93
1115,47385.64
1116,11331.279999999997
1117,96386.23999999999
1118,122305.79000000001
1119,72005.39000000001
1120,71026.47
1121,130194.45999999999
1122,21564.430000000004
1123,220526.84999999998
1124,334827.67000000004
1125,19989.89
1126,81131.61
1127,77343.54
1128,19445.36
1129,59355.36
1130,359007.26
1131,110019.11
1132,151426.34000000003
1133,165144.93
1134,91556.70999999999
1135,72929.55
1136,143005.34
1137,44120.600000000006
1138,115854.44
1139,547141.53
1140,24767.91
1141,43561.54
1142,45179.200000000004
1143,33309.05
1144,371386.7
1145,311487.17
1146,33432.96
1147,325612.09
1148,440713.31000000006
1149,57708.42
1150,235938.55
1151,82675.7
1152,67895.06
1153,252578.37999999998
1154,84490.92
1155,554193.54
1156,36590.46000000001
1157,330910.34
1158,45881.44
1159,28090.809999999998
1160,308871.73
1161,154446.15999999997
1162,135488.47000000003
1163,31679.15
1164,77005.98999999999
1165,116653.94
1166,66611.03
1167,119974.32
1168,357263.8
1169,195121.86000000002
1170,16458.13
1171,213009.02999999997
1172,51943.94
1173,386457.58999999997
1174,302291.74000000005
1175,212590.63
1176,284842.2
1177,156666.54
1178,216572.43
1179,36719.95
1180,271372.98
1181,12850.029999999999
1182,33593.119999999995
1183,124092.74
1184,170916.90999999997
1185,41857.52
1186,199533.71
1187,188899.68
1188,296920.53
1189,83453.05000000002
1190,443865.65
1191,34556.27
1192,177926.7
1193,488495.5
1194,330323.75
1195,625216.53
1196,211949.0
1197,319315.18
1198,62053.81
1199,480176.18000000005
1200,491585.88
1201,85630.98
1202,15219.96
1203,213666.92
1204,81873.85999999999
1205,193895.29
1206,63132.079999999994
1207,61129.869999999995
1208,241334.18000000002
1209,310017.63
1210,48087.66
1211,88064.08
1212,237217.61
1213,143055.42
1214,272191.31000000006
1215,235802.47999999998
1216,94853.13
1217,70985.03
1218,482476.81
1219,195903.69
1220,44036.61
1221,434981.13000000006
1222,40384.490000000005
1223,74594.49
1224,12572.579999999996
1225,264702.18999999994
1226,36263.78
1227,53988.72
1228,12379.35
1229,221037.8
1230,89985.83
1231,128771.93
1232,435618.18
1233,141399.18
1234,212481.91999999998
1235,277379.27
1236,33821.590000000004
1237,120671.33999999998
1238,29056.729999999996
1239,279600.04
1240,137140.56
1241,72757.08
1242,221957.45
1243,38157.19
1244,92295.40999999999
1245,183091.55000000002
1246,294274.19
1247,228732.28
1248,65668.57
1249,96375.84999999999
1250,137607.95
1251,11853.34
1252,97891.18
1253,283223.33999999997
1254,69240.0
1255,204449.88
1256,151035.19
1257,45358.45
1258,237126.40999999997
1259,59268.93
1260,100150.60999999999
1261,399398.06
1262,385905.89
1263,115686.44
1264,109265.32
1265,162250.7
1266,532067.17
1267,535205.81
1268,386050.42000000004
1269,31832.239999999998
1270,116824.02
1271,201173.58999999997
1272,74494.89
1273,333708.24000000005
1274,37241.920000000006
1275,115965.04999999999
1276,434695.44999999995
1277,234168.58999999997
1278,502924.83
1279,28305.64
1280,724973.3599999999
1281,85565.32999999999
1282,380624.31
1283,183740.13999999998
1284,214965.47
1285,646676.17
1286,36970.51
1287,232281.80000000002
1288,235640.91
1289,148610.01
1290,133407.78999999998
1291,101738.32
1292,18749.18
1293,462404.57
1294,402616.99999999994
1295,102428.68
1296,29112.809999999998
1297,351680.49
1298,51946.94
1299,123838.69999999998
1300,516301.24
1301,168019.88
1302,328879.26
1303,342938.06
1304,301803.16000000003
1305,58694.56
1306,66798.34
1307,15956.42
1308,203480.25
1309,30517.160000000003
1310,21551.449999999997
1311,30094.159999999996
1312,352397.19999999995
1313,286310.54
1314,90785.42
1315,97461.47
1316,54460.97
1317,41439.83
1318,92228.79
1319,16688.4
1320,67757.63999999998
1321,50337.56
1322,253789.54
1323,270324.91000000003
1324,81090.11
1325,621751.62
1326,392123.95
1327,147764.56
1328,27190.74
1329,170217.5
1330,96702.74
1331,392500.27
1332,24576.94
1333,25116.32
1334,165636.24
1335,119958.66999999998
1336,14509.330000000002
1337,208509.87
1338,38769.88
1339,92905.62
1340,146645.03999999998
1341,178289.44
1342,117838.97
1343,45319.37
1344,281700.57999999996
1345,81783.0
1346,246206.64
1347,189754.58000000002
1348,120637.87
1349,91901.04000000001
1350,95238.92
1351,274353.27999999997
1352,171920.55
1353,201444.09000000003
1354,30713.269999999997
1355,178418.58999999997
1356,38676.17
1357,142780.71999999997
1358,70859.87
1359,291529.07999999996
1360,19369.68
1361,46215.03
1362,684153.13
1363,29542.750000000004
1364,90168.28
1365,306048.36
1366,60307.74
1367,35745.56
1368,18514.800000000003
1369,41964.41
1370,73003.12
1371,269557.81
1372,44195.909999999996
1373,20486.82
1374,43594.79
1375,186901.31999999998
1376,37508.3
1377,88457.53
1378,23482.27
1379,20687.11
1380,81714.81
1381,329790.5
1382,139310.43
1383,137984.97
1384,38838.25
1385,83407.31
1386,327785.32999999996
1387,430514.04
1388,17993.409999999996
1389,121056.31999999999
1390,52922.36
1391,93874.45999999999
1392,83839.46
1393,58910.16
1394,124774.19
1395,364873.03
1396,116343.29000000001
1397,130718.39
1398,197657.50999999998
1399,506328.80999999994
1400,95775.50000000001
1401,68317.26000000001
1402,26097.97
1403,155054.84
1404,47383.759999999995
1405,115662.33
1406,194510.91
1407,101949.74
1408,261629.05000000002
1409,182988.19
1410,89065.65000000001
1411,283212.82
1412,43137.990000000005
1413,161996.86
1414,213549.05
1415,334315.93
1416,420505.36
1417,39533.67
1418,11182.399999999998
1419,277657.92
1420,111719.31
1421,229857.64
1422,244411.21000000002
1423,23672.37
1424,72947.87
1425,46748.22
1426,58335.78
1427,118243.34000000001
1428,328760.32
1429,306022.92
1430,493716.61
1431,236526.04
1432,31292.79
1433,19607.59
1434,222536.96000000002
1435,33079.78
1436,520506.07000000007
1437,177698.85000000003
1438,30589.88
1439,131736.58
1440,450290.12
1441,41360.25
1442,261737.19
1443,366197.16000000003
1444,149404.41999999998
1445,480179.84
1446,94838.47
1447,100115.98000000001
1448,78203.07
1449,121093.91
1450,38492.299999999996
1451,299408.42000000004
1452,671792.02
1453,34152.06
1454,32146.629999999997
1455,300074.13
1456,40798.01000000001
1457,16383.68
1458,274085.76
1459,78369.90999999999
1460,94124.77
1461,72945.69
1462,142694.41
1463,67207.55000000002
1464,206327.34999999998
1465,61071.84999999999
1466,41781.0
1467,175850.5
1468,200254.38999999998
1469,49306.05
1470,211218.76
1471,111845.62
1472,93528.67
1473,49533.42
1474,103747.54999999999
1475,226058.52000000002
1476,21940.329999999998
1477,64860.66
1478,163634.07
1479,145611.52000000002
1480,77808.26000000001
1481,68716.23000000001
1482,163442.33000000002
1483,516739.58999999997
1484,72670.2
1485,141600.24
1486,61319.74
1487,37331.939999999995
1488,49038.89
1489,42684.700000000004
1490,756899.6499999999
1491,280552.86
1492,91201.31999999999
1493,147716.33
1494,228716.80000000002
1495,79842.19
1496,25410.559999999998
1497,124296.22999999998
1498,191477.36
1499,48963.9
1500,124637.56
1501,258814.02000000002
1502,140261.13999999998
1503,133145.31
1504,176228.37
1505,483405.2
1506,214018.07
1507,133343.39
1508,35138.5
1509,314421.54000000004
1510,146298.88999999996
1511,143432.07
1512,116060.84
1513,83591.74
1514,364040.94000000006
1515,290853.28
1516,66919.06999999999
1517,58855.270000000004
1518,140040.13999999998
1519,524095.43999999994
1520,135253.78000000003
1521,106265.72
1522,233545.41999999998
1523,153594.75999999998
1524,175281.11000000002
1525,107111.8
1526,175450.46000000002
1527,397198.19
1528,120034.87
1529,250980.11
1530,147937.45
1531,153904.62
1532,48951.5
1533,73912.62999999999
1534,53855.61
1535,326038.36999999994
1536,48655.78999999999
1537,159714.12
1538,51492.33
1539,141443.83000000002
1540,151575.22999999998
1541,25691.120000000003
1542,116764.25
1543,30241.58
1544,42427.64
1545,84480.56
1546,52285.34999999999
1547,216158.0
1548,180496.79
1549,53773.59
1550,233068.6
1551,189109.55
1552,148124.43
1553,523853.44000000006
1554,467242.16000000003
1555,563543.53
1556,376344.77999999997
1557,266636.32
1558,87681.09
1559,203018.59999999998
1560,455008.01
1561,219822.38
1562,124343.70999999999
1563,248139.97
1564,170494.88
1565,52523.95999999999
1566,219380.69999999998
1567,148166.3
1568,113100.78
1569,563166.25
1570,514668.62999999995
1571,230325.37999999998
1572,43801.119999999995
1573,153555.36000000002
1574,77283.64
1575,135332.49
1576,11639.309999999998
1577,23841.239999999998
1578,130672.09
1579,122392.63
1580,347716.11
1581,285796.45999999996
1582,110905.48999999999
1583,325460.49
1584,532558.12
1585,19004.48
1586,525386.3999999999
1587,521883.43000000005
1588,270945.92000000004
1589,106136.15
1590,102495.06
1591,335589.72
1592,32420.43000000001
1593,229489.57
1594,23355.25
1595,263824.26
1596,545293.55
1597,117167.49000000002
1598,18397.82
1599,88404.7
1600,63624.98
1601,397575.16000000003
1602,123730.91999999998
1603,121177.22
1604,135636.29
1605,90102.54999999999
1606,259523.83999999997
1607,52541.08
1608,111642.32
1609,81126.1
1610,48543.62000000001
1611,21792.26
1612,260329.43
1613,245951.31999999998
1614,171998.21000000002
1615,137634.79
1616,62811.01999999999
1617,32634.300000000003
1618,37696.729999999996
1619,127746.88
1620,43352.59
1621,34317.17
1622,46355.659999999996
1623,509349.0
1624,521374.97
1625,247743.12
1626,56434.62
1627,97732.87
1628,41005.59999999999
1629,32877.869999999995
1630,261270.24
1631,186449.65000000002
1632,122688.06999999999
1633,402004.72
1634,19335.5
1635,314950.03
1636,423565.05
1637,94592.45999999999
1638,435841.74
1639,313571.9
1640,130884.12999999999
1641,15670.150000000001
1642,453208.36
1643,221800.16
1644,225204.37000000002
1645,97836.75
1646,21308.090000000004
1647,98567.63
1648,73344.35999999999
1649,525251.12
1650,48351.17
1651,589301.63
1652,225616.59
1653,153071.41
1654,64412.01
1655,254760.91999999998
1656,107957.95
1657,303631.29000000004
1658,127639.06
1659,371116.73000000004
1660,32929.17
1661,221530.19
1662,458653.97
1663,375701.21
1664,33073.4
1665,67552.83
1666,724013.47
1667,122737.98
1668,594687.64
1669,121402.37000000001
1670,81237.01000000001
1671,217972.51
1672,109496.28
1673,22195.86
1674,108623.68
1675,120933.35999999999
1676,106129.79
1677,53783.66
1678,151031.23
1679,222149.0
1680,40030.39
1681,32096.53
1682,217527.37000000002
1683,338272.57
1684,30772.880000000005
1685,56379.16
1686,151641.15
1687,63192.69
1688,314939.74
1689,291268.64
1690,537195.96
1691,34902.25
1692,211312.50000000003
1693,59312.09
1694,401738.82
1695,148969.14
1696,274019.48
1697,45088.08999999999
1698,469316.96
1699,426748.55000000005
1700,147273.13
1701,54948.130000000005
1702,86035.54000000001
1703,112426.29
1704,83813.48
1705,20732.78
1706,129497.98000000001
1707,50225.729999999996
1708,173446.39
1709,131748.13999999998
1710,173980.26
1711,275435.43000000005
1712,23573.989999999998
1713,154281.11000000002
1714,25897.0
1715,44230.98
1716,158099.94999999998
1717,289397.67
1718,38890.06
1719,157886.91
1720,231368.02000000002
1721,33003.72
1722,25098.82
1723,97960.07999999999
1724,65719.92
1725,36104.61
1726,585832.2
1727,184664.75
1728,47295.0
1729,44912.399999999994
1730,51879.90999999999
1731,61727.06
1732,43275.73
1733,26781.04
1734,369001.36
1735,187049.19
1736,38198.07000000001
1737,396636.13
1738,66270.4
1739,393030.24
1740,629575.6599999999
1741,69165.76999999999
1742,72718.84
1743,17393.370000000003
1744,236022.68
1745,24803.910000000003
1746,239719.97999999998
1747,519846.24999999994
1748,61074.32
1749,239130.74
1750,24034.27
1751,102362.56999999999
1752,100258.03
1753,93047.94
1754,207362.53
1755,68551.09
1756,136969.56
1757,28113.79
1758,36734.22
1759,45017.96000000001
1760,236231.41
1761,12750.55
1762,176345.51999999996
1763,54804.14
1764,193479.45
1765,210072.18
1766,55725.19
1767,311483.51
1768,119793.28
1769,101407.99000000002
1770,332216.0
1771,545170.53
1772,54306.65999999999
1773,202334.06
1774,96563.37999999999
1775,375638.6
1776,84735.60999999999
1777,62265.73
1778,81398.1
1779,344962.76
1780,544432.72
1781,131776.98
1782,34560.95999999999
1783,123842.87000000002
1784,60290.130000000005
1785,146502.59999999998
1786,361620.94
1787,22073.499999999996
1788,60808.54
1789,60620.61
1790,98447.58
1791,158121.27000000002
1792,63410.189999999995
1793,116159.8
1794,542580.62
1795,242530.07
1796,138992.25
1797,133556.77
1798,533628.05
1799,110017.65
1800,60028.18
1801,97309.85
1802,378918.89999999997
1803,285623.77
1804,175127.32
1805,135195.21000000002
1806,48944.52
1807,164137.83000000002
1808,171279.78999999998
1809,45142.969999999994
1810,34716.84
1811,178044.68
1812,364850.04
1813,24470.910000000003
1814,797597.2000000002
1815,183540.73
1816,39209.68000000001
1817,181182.96000000002
1818,72724.14
1819,330848.25999999995
1820,313561.9
1821,33899.17
1822,57341.049999999996
1823,55617.14
1824,54708.72
1825,143275.71
1826,118316.4
1827,163307.3
1828,408903.31
1829,139295.9
1830,614408.6100000001
1831,334600.43
1832,208976.12
1833,503643.64
1834,76773.22
1835,59255.149999999994
1836,43693.58000000001
1837,101903.43000000001
1838,144714.16999999998
1839,65974.98999999999
1840,102341.87
1841,146414.16
1842,65698.53
1843,128296.24999999999
1844,87716.04999999999
1845,153078.89
1846,233975.40000000002
1847,62084.62
1848,52888.08
1849,24906.03
1850,55593.770000000004
1851,114601.63999999998
1852,262243.27
1853,339996.19
1854,254082.94
1855,115395.54000000001
1856,381083.91000000003
1857,232371.12
1858,161135.33000000002
1859,14501.190000000002
1860,77373.88
1861,256683.95
1862,88603.98000000001
1863,155709.33000000002
1864,288331.55
1865,68619.0
1866,95522.45000000001
1867,105279.32
1868,94166.76000000001
1869,11365.14
1870,41592.799999999996
1871,92087.83000000002
1872,357452.82
1873,257914.15999999997
1874,158960.48
1875,105717.19
1876,48131.05
1877,269070.56
1878,293866.74
1879,25321.260000000002
1880,445451.54000000004
1881,36202.48
1882,28717.39
1883,839673.3400000001
1884,433375.64
1885,135688.31
1886,78339.15
1887,63164.98
1888,62865.96000000001
1889,29107.169999999995
1890,273712.44
1891,195221.27000000002
1892,78078.01999999999
1893,501263.83999999997
1894,131272.74000000002
1895,21765.08
1896,90478.23000000001
1897,30139.250000000004
1898,100028.52
1899,233094.47999999998
1900,52901.240000000005
1901,190172.82
1902,88058.75
1903,24186.870000000003
1904,65369.32
1905,61587.97
1906,179364.71
1907,14106.650000000001
1908,429742.42
1909,548768.13
1910,35683.03
1911,415759.65
1912,283409.27
1913,198764.75
1914,199501.98
1915,76810.61
1916,368497.4
1917,202244.19
1918,74935.60999999999
1919,131715.65000000002
1920,43659.15000000001
1921,149026.8
1922,356376.35
1923,127724.31
1924,891552.24
1925,118366.26999999999
1926,269091.65
1927,56413.39
1928,160708.32
1929,117884.2
1930,30175.68
1931,152434.57
1932,76304.63
1933,251376.69
1934,57192.68
1935,58502.28
1936,335259.99
1937,49046.29000000001
1938,242609.63
1939,63658.65
1940,411040.95
1941,478937.83
1942,179666.4
1943,116725.44
1944,284175.59
1945,176948.2
1946,206543.84000000003
1947,82919.22
1948,66453.94
1949,126436.53000000001
1950,275733.82
1951,37398.35
1952,80375.5
1953,185866.91
1954,166832.53999999998
1955,258906.56000000003
1956,38522.84
1957,87711.83
1958,134935.42
1959,22776.45
1960,450915.55
1961,329382.81999999995
1962,159716.59999999995
1963,90392.8
1964,203182.51
1965,70261.36
1966,192899.90000000002
1967,173825.15999999997
1968,46243.33
1969,90572.04
1970,134576.04
1971,69574.87
1972,26695.16
1973,94457.65
1974,36116.56
1975,275359.74
1976,94834.23
1977,69313.0
1978,34990.05
1979,131164.13
1980,71285.62
1981,560811.97
1982,77740.70000000001
1983,448852.19999999995
1984,70130.29000000001
1985,418787.36
1986,142647.42
1987,342440.72
1988,116556.86
1989,217104.38
1990,60588.39000000001
1991,153895.61
1992,102252.06
1993,185845.25
1994,45773.89
1995,98833.66999999998
1996,258348.61000000002
1997,47070.45
1998,314995.86
1999,125921.15
2000,625477.46
2001,82640.2
2002,72539.48
2003,114324.95
2004,125271.28
2005,20330.31
2006,686643.2799999999
2007,707812.35
2008,222656.64
2009,74661.85
2010,28663.969999999998
2011,47250.95
2012,93483.44
2013,111769.58
2014,176507.13999999998
2015,136502.02000000002
2016,121052.79000000001
2017,266510.79000000004
2018,55471.82
2019,105660.47
2020,195632.66
2021,393647.48000000004
2022,267616.71
2023,114016.87999999999
2024,550860.6699999999
2025,337032.54999999993
2026,261266.18000000005
2027,72993.76
2028,171056.36
2029,136451.19
2030,45477.45
2031,65517.840000000004
2032,680804.2200000001
2033,160797.86000000002
2034,300552.76
2035,103700.87
2036,86026.04999999999
2037,53664.03
2038,32690.579999999998
2039,30096.71
2040,225342.59000000003
2041,380731.39
2042,637409.48
2043,324188.87
2044,420256.43999999994
2045,40549.74
2046,199213.49
2047,228862.33999999997
2048,81803.87
2049,30683.069999999996
2050,640112.6400000001
2051,23502.58
2052,305272.82999999996
2053,30438.97
2054,77905.82999999999
2055,182450.38
2056,422158.64
2057,112944.17000000001
2058,53712.979999999996
2059,264162.54
2060,344835.91
2061,33767.66
2062,61913.829999999994
2063,291173.3
2064,208415.71999999997
2065,181984.87
2066,27699.620000000003
2067,599344.8899999999
2068,44408.90000000001
2069,207896.6
2070,76293.26999999999
2071,52380.409999999996
2072,55645.05
2073,39373.009999999995
2074,534419.76
2075,15346.27
2076,88984.81
2077,158826.63
2078,176922.08000000002
2079,116830.47
2080,28260.559999999998
2081,67570.82
2082,195150.56000000003
2083,133607.11
2084,84128.48
2085,228198.52000000002
2086,48235.72
2087,62171.21000000001
2088,267410.30999999994
2089,107304.81
2090,771623.06
2091,115217.59999999999
2092,45837.06
2093,152342.91999999998
2094,404003.55999999994
2095,202966.43
2096,178738.21
2097,122721.31
2098,551122.6900000001
2099,44851.72
2100,9741.439999999997
2101,33807.67
2102,221859.41999999998
2103,15766.52
2104,38271.69
2105,533716.06
2106,85203.00000000001
2107,168684.56
2108,32719.95
2109,108009.92000000001
2110,215617.12
2111,36532.08
2112,38296.369999999995
2113,575752.8200000001
2114,176959.8
2115,74796.69
2116,105172.65000000001
2117,184942.09999999998
2118,575966.4000000001
2119,761147.0099999999
2120,99945.65
2121,151733.94999999998
2122,256815.78
2123,52903.97
2124,73910.20999999999
2125,82942.55000000002
2126,341858.36
2127,222214.33
2128,121255.4
2129,342249.16
2130,199946.90000000002
2131,266393.12
2132,56113.350000000006
2133,408440.06
2134,175348.08000000002
2135,163419.62
2136,531037.8200000001
2137,35045.31
2138,69724.12
2139,332130.95
2140,192520.86
2141,50018.21
2142,59887.96000000001
2143,122447.54000000001
2144,548804.84
2145,299093.14
2146,142954.95
2147,30830.35
2148,492659.07000000007
2149,573760.44
2150,288416.01
2151,41123.49
2152,47720.880000000005
2153,54009.52
2154,253550.14999999997
2155,82739.48000000001
2156,168463.41999999998
2157,73659.73
2158,277423.57
2159,118546.66
2160,74379.82
2161,553770.45
2162,262516.47
2163,24767.03
2164,358863.81
2165,98867.85
2166,143863.11
2167,295914.6
2168,160453.66999999998
2169,64556.130000000005
2170,44306.55
2171,635417.84
2172,118332.79000000001
2173,57985.98000000001
2174,52461.3
2175,164600.18
2176,319606.74
2177,47767.37999999999
2178,268596.57
2179,669585.3
2180,37362.14
2181,166329.28
2182,23463.27
2183,401512.30000000005
2184,88694.32
2185,244123.61
2186,75399.76999999999
2187,32052.45
2188,51987.66
2189,23632.269999999997
2190,195866.69999999998
2191,47934.88
2192,125374.84
2193,308657.66000000003
2194,125295.06999999999
2195,408020.58999999997
2196,106311.67
2197,105543.79999999999
2198,268935.26
2199,170827.40000000002
2200,48951.58
2201,195742.2
2202,721007.04
2203,307835.0
2204,28872.57
2205,360385.08
2206,246252.71999999997
2207,78232.84
2208,79301.85
2209,49905.7
2210,182579.22
2211,205500.19
2212,119541.92
2213,458958.31999999995
2214,59882.0
2215,49547.66
2216,107698.23999999999
2217,309545.11
2218,29843.460000000003
2219,57123.670000000006
2220,312826.93
2221,42368.71000000001
2222,125586.62
2223,42817.56
2224,160770.34000000003
2225,444847.77999999997
2226,161231.15
2227,26674.980000000003
2228,128347.72999999998
2229,218723.16999999998
2230,222672.25
2231,289496.55
2232,229846.12
2233,35352.28
2234,405283.01
2235,50792.24
2236,108230.42
2237,65554.94
2238,86744.36
2239,19174.4
2240,166790.31
2241,297367.92000000004
2242,59336.47
2243,295119.17000000004
2244,31518.909999999996
2245,249699.68
2246,519614.62
2247,63731.57000000001
2248,59652.18000000001
2249,107877.26
2250,464269.79000000004
2251,158406.71000000002
2252,192748.73
2253,108367.0
2254,22744.18
2255,630022.18
2256,102692.27
2257,451879.17000000004
2258,83633.72
2259,154064.68
2260,79818.01
2261,55949.880000000005
2262,223890.68
2263,130952.54000000001
2264,156452.34000000003
2265,142322.49
2266,546736.1599999999
2267,13639.619999999999
2268,60747.57000000001
2269,421115.88999999996
2270,69384.77
2271,75790.46
2272,30580.989999999998
2273,89273.17
2274,70668.57
2275,523068.27999999997
2276,66267.67
2277,271169.65
2278,378178.24000000005
2279,324907.24
2280,319950.7
2281,764829.3500000001
2282,75634.84
2283,27011.29
2284,258133.19
2285,81672.60999999999
2286,70874.1
2287,504842.89
2288,117422.13
2289,342231.81000000006
2290,29897.829999999998
2291,378761.67000000004
2292,140881.25
2293,436670.86
2294,35355.24
2295,12962.03
2296,484048.67
2297,168099.38
2298,34347.450000000004
2299,166153.58000000002
2300,403207.01
2301,369141.99000000005
2302,119570.67000000001
2303,199394.58
2304,63821.26
2305,90733.72
2306,25878.72
2307,242347.7
2308,84405.35999999999
2309,48731.96000000001
2310,666983.3999999999
2311,299814.5
2312,60491.76
2313,51436.75
2314,24323.579999999998
2315,125326.37
2316,151526.0
2317,12401.179999999998
2318,143328.26
2319,246621.01
2320,36009.009999999995
2321,289734.16
2322,161997.1
2323,102621.69
2324,217687.15999999997
2325,72044.12
2326,714563.24
2327,63945.99
2328,31711.5
2329,127942.95
2330,502406.60000000003
2331,245783.77000000002
2332,212698.25
2333,28393.78
2334,316551.04000000004
2335,28263.58
2336,354332.23
2337,33034.09
2338,48329.69
2339,323669.32999999996
2340,513110.67
2341,110193.26000000001
2342,116261.83
2343,46097.46
2344,184830.15999999997
2345,372784.33999999997
2346,419975.7
2347,524750.69
2348,73392.38
2349,61604.740000000005
2350,76089.20999999999
2351,92675.79
2352,59628.41
2353,167452.02999999997
2354,75388.08
2355,179956.33
2356,92696.68
2357,120317.90999999999
2358,302463.11
2359,173825.89
2360,157853.6
2361,160598.44
2362,328145.08999999997
2363,30102.719999999998
2364,262896.12
2365,93898.17000000001
2366,134862.68
2367,98429.79999999999
2368,50670.240000000005
2369,614278.95
2370,642878.6
2371,79268.89
2372,179482.51
2373,68694.5
2374,190607.2
2375,301245.62
2376,130681.81999999999
2377,175200.97
2378,160667.86
2379,96939.4
2380,151924.09999999998
2381,23417.47
2382,49742.89
2383,157016.46
2384,515775.51
2385,87007.57
2386,43623.46000000001
2387,461903.76
2388,26363.33
2389,70448.79
2390,246568.45
2391,137579.51
2392,407804.22
2393,18779.68
2394,31500.670000000002
2395,106152.59
2396,194711.07
2397,286795.75
2398,400093.32
2399,185114.32
2400,338074.68
2401,738598.04
2402,119691.07
2403,227327.16999999998
2404,138359.47
2405,88646.37
2406,525700.4
2407,423345.38
2408,26960.5
2409,103197.83
2410,15780.91
2411,535780.11
2412,115389.98
2413,203008.33000000002
2414,69142.88999999998
2415,146445.88
2416,169675.52000000002
2417,103585.8
2418,81486.97
2419,281716.19999999995
2420,392382.18999999994
2421,312640.5
2422,41547.7
2423,242651.9
2424,336621.92
2425,117674.25
2426,123780.51000000001
2427,526289.1799999999
2428,97083.14000000001
2429,224930.61999999997
2430,120705.6
2431,60043.3
2432,128896.67
2433,492485.29
2434,267309.97000000003
2435,161382.82
2436,195843.18
2437,195718.93000000002
2438,21965.019999999997
2439,37233.57
2440,420410.83999999997
2441,81325.6
2442,455388.07999999996
2443,148550.37
2444,63962.3
2445,164889.3
2446,131993.61000000002
2447,35302.24
2448,361056.4
2449,42289.91
2450,179860.61
2451,206457.69
2452,201502.33
2453,297812.73000000004
2454,775909.4199999999
2455,258076.64
2456,123866.95
2457,401039.94
2458,175355.51
2459,141136.95
2460,310312.13
2461,29197.27
2462,265002.31
2463,192116.83000000002
2464,246409.57
2465,160443.29
2466,252235.18
2467,257881.52000000002
2468,60153.119999999995
2469,60414.95
2470,325193.27
2471,115634.98000000001
2472,79294.09
2473,21923.08
2474,741217.23
2475,19248.899999999998
2476,179374.26
2477,186412.43
2478,130003.15
2479,432031.49
2480,533836.09
2481,60967.94
2482,546082.74
2483,89457.12999999999
2484,40786.71000000001
2485,73028.95
2486,85109.65
2487,103812.57
2488,46911.04
2489,18428.77
2490,94016.97999999998
2491,144082.88999999998
2492,460565.26999999996
2493,102858.28
2494,450656.72
2495,112228.87000000001
2496,533680.9299999999
2497,312749.12
2498,69937.64
2499,113475.75999999998
2500,88710.95000000001
2501,605840.55
2502,237353.19999999998
2503,183185.02000000002
2504,318788.11
2505,459111.32
2506,238915.41
2507,288458.69
2508,177167.33000000002
2509,120151.77
2510,131239.52000000002
2511,11204.54
2512,26807.6
2513,230412.57
2514,23476.57
2515,36054.22
2516,273391.45
2517,193241.06
2518,148896.03
2519,560183.31
2520,500964.55
2521,28085.039999999997
2522,237028.16000000003
2523,156399.74
2524,58428.3
2525,48079.16
2526,241586.74
2527,42029.81
2528,176864.11000000002
2529,429171.81
2530,100601.39000000001
2531,80757.72
2532,147239.34000000003
2533,519296.38000000006
2534,98562.62
2535,121526.09999999999
2536,245006.83000000002
2537,127940.94999999998
2538,24629.280000000002
2539,72985.72
2540,392463.85
2541,106862.6
2542,12942.4
2543,51317.5
2544,387673.62
2545,30387.23
2546,117638.46999999999
2547,276423.41000000003
2548,346051.35
2549,74708.97
2550,110064.85999999999
2551,203404.36
2552,43794.1
2553,96916.59
2554,135687.43
2555,79628.28
2556,152491.4
2557,252559.03999999998
2558,418618.55
2559,23378.62
2560,178461.33000000002
2561,28954.58
2562,130956.27999999998
2563,164119.6
2564,119268.47999999998
2565,35557.97
2566,88170.78
2567,34913.65
2568,37714.509999999995
2569,62625.6
2570,12732.21
2571,328754.35
2572,33518.240000000005
2573,102091.08
2574,95524.78
2575,23205.979999999996
2576,50271.240000000005
2577,53897.770000000004
2578,360891.62
2579,72912.23000000001
2580,58004.22
2581,33238.0
2582,66405.15
2583,92801.9
2584,294003.13
2585,232035.7
2586,161836.83000000002
2587,36813.350000000006
2588,170963.46
2589,69893.69
2590,19276.21
2591,45482.9
2592,39617.490000000005
2593,338465.96
2594,198093.77000000002
2595,114931.58
2596,119505.93
2597,209121.72000000003
2598,18448.31
2599,40917.06
2600,42687.11
2601,91632.25
2602,377534.6
2603,389122.89
2604,275954.66000000003
2605,119343.93
2606,189515.28
2607,51189.66
2608,41549.77
2609,56908.09
2610,213152.88
2611,35270.5
2612,83518.07
2613,37197.299999999996
2614,567991.91
2615,216449.61000000004
2616,126129.17
2617,335008.68
2618,110655.37
2619,21899.37
2620,500406.27999999997
2621,117878.76999999999
2622,48861.82
2623,14816.420000000002
2624,328404.87
2625,142092.46
2626,77442.11
2627,197888.02
2628,30311.73
2629,247915.6
2630,176353.88
2631,54855.200000000004
2632,250451.13999999998
2633,333370.58
2634,288457.24
2635,54729.45999999999
2636,258716.5
2637,13400.279999999999
2638,37536.91
2639,133142.86000000002
2640,257512.81
2641,181000.76
2642,90288.01000000001
2643,95455.94
2644,478873.29
2645,134414.81
2646,608208.75
2647,35448.340000000004
2648,143324.90999999997
2649,98637.63
2650,111862.74
2651,630252.9299999999
2652,30721.130000000005
2653,48283.92
2654,281338.07
2655,599270.6699999999
2656,19586.31
2657,508959.69
2658,132221.63
2659,67849.16
2660,35064.3
2661,518518.25999999995
2662,96858.48999999999
2663,77129.3
2664,87593.76999999999
2665,162839.49
2666,33178.92
2667,78671.22
2668,25806.149999999998
2669,187998.95
2670,97639.23999999999
2671,66780.43
2672,19392.62
2673,179597.23
2674,15873.679999999998
2675,108397.32
2676,596793.8500000001
2677,693115.56
2678,352803.31000000006
2679,217871.5
2680,112256.20999999999
2681,42620.64
2682,132621.71999999997
2683,32213.68
2684,119262.69999999998
2685,59353.770000000004
2686,466650.83999999997
2687,59146.58
2688,96431.16
2689,351947.52999999997
2690,234011.47
2691,165621.93
2692,47771.69
2693,64807.96
2694,179616.19
2695,610543.62
2696,109327.92
2697,239647.16999999998
2698,546840.14
2699,67026.95000000001
2700,19702.980000000003
2701,56947.22
2702,256913.95999999996
2703,128610.35999999999
2704,26611.109999999993
2705,377497.97
2706,267153.69999999995
2707,57011.369999999995
2708,452074.05
2709,416706.86
2710,134667.84000000003
2711,18730.19
2712,56413.04000000001
2713,78180.83
2714,73866.2
2715,103787.38
2716,144083.55
2717,72526.25
2718,43838.49
2719,339876.5299999999
2720,255229.03000000003
2721,278961.17000000004
2722,494263.05
2723,305858.3
2724,785265.5800000001
2725,291534.04
2726,65509.100000000006
2727,208123.90000000002
2728,16486.97
2729,320540.66000000003
2730,23717.879999999997
2731,223544.13
2732,126185.45999999999
2733,58774.65
2734,156433.51
2735,607442.8400000001
2736,98698.18000000001
2737,35592.58
2738,47374.39
2739,648386.1499999999
2740,579952.14
2741,153012.40000000002
2742,158525.9
2743,21544.64
2744,213350.12999999998
2745,93266.10999999999
2746,15458.290000000003
2747,38050.1
2748,35546.439999999995
2749,76397.54000000001
2750,20537.47
2751,703179.24
2752,113443.65
2753,99953.54
2754,215322.41
2755,223157.5
2756,129513.76000000001
2757,29133.86
2758,46097.57000000001
2759,808783.56
2760,121856.54
2761,295167.79
2762,45699.1
2763,208723.57
2764,411996.95999999996
2765,86389.95000000001
2766,61763.3
2767,42921.38
2768,76425.95
2769,404775.43
2770,127288.70000000001
2771,227264.42
2772,37047.020000000004
2773,65265.38
2774,242262.35
2775,114329.84999999999
2776,80042.69
2777,480685.98
2778,96764.20999999999
2779,90607.78
2780,136862.02999999997
2781,175122.88
2782,18182.36
2783,25574.759999999995
2784,212933.63
2785,66491.15
2786,104526.76000000001
2787,45000.55
2788,93269.8
2789,134320.75
2790,245326.34000000003
2791,191409.29
2792,109694.43
2793,30649.87
2794,126678.00000000001
2795,29760.97
2796,309441.4
2797,84799.92
2798,37484.75
2799,208485.03000000003
2800,101215.42000000001
2801,474501.20999999996
2802,112542.0
2803,93010.1
2804,174961.49
2805,83387.67
2806,105947.74
2807,126633.82
2808,73256.21
2809,315356.38
2810,145034.85
2811,246382.15999999997
2812,472639.17000000004
2813,29778.409999999996
2814,523740.20000000007
2815,213709.5
2816,482101.38
2817,181367.61
2818,553956.63
2819,114592.16
2820,403924.97
2821,50629.729999999996
2822,69038.66
2823,34261.61
2824,286620.31
2825,107923.91
2826,75892.37000000001
2827,144410.76
2828,123436.11000000002
2829,39744.87
2830,226818.33
2831,37277.79
2832,34031.990000000005
2833,169418.43
2834,16894.95
2835,152566.56
2836,45104.05
2837,40040.1
2838,31684.910000000003
2839,40523.99
2840,105229.15
2841,440045.26999999996
2842,42596.19
2843,105617.20000000001
2844,509561.31000000006
2845,544062.91
2846,64780.509999999995
2847,166353.91
2848,166368.97
2849,197339.02000000002
2850,208278.34
2851,135757.84999999998
2852,145088.13
2853,74880.39
2854,78172.51000000001
2855,62675.23
2856,143515.16
2857,15124.04
2858,24169.059999999998
2859,688964.5099999999
2860,385393.85
2861,125386.76999999999
2862,283156.74
2863,24445.64
2864,36072.64
2865,426186.68999999994
2866,34502.71
2867,75151.39
2868,191377.56999999998
2869,616146.5499999999
2870,148422.55
2871,54555.340000000004
2872,13160.349999999999
2873,144442.16999999998
2874,58745.84
2875,89694.60999999999
2876,153569.73
2877,319390.92
2878,59131.57000000001
2879,169250.55
2880,57639.36
2881,344865.91
2882,113929.78
2883,444342.67
2884,19750.85
2885,67414.31
2886,587269.37
2887,631261.61
2888,20109.67
2889,109842.86
2890,86409.56
2891,70448.01000000001
2892,75687.73
2893,118694.26000000001
2894,47598.53
2895,30911.69000000001
2896,106267.90000000001
2897,142287.07
2898,368926.29000000004
2899,25778.67
2900,293041.81
2901,85032.02
2902,55231.59
2903,424339.0
2904,71353.56
2905,406083.41000000003
2906,70676.09
2907,539758.41
2908,15911.210000000003
2909,52196.94
2910,35750.689999999995
2911,58572.31
2912,180842.79
2913,98633.95999999999
2914,165718.96
2915,124053.9
2916,14992.04
2917,476436.93999999994
2918,188304.92
2919,30267.11
2920,239738.18
2921,34361.66
2922,105956.9
2923,96740.12
2924,144266.37
2925,43141.96
2926,540317.5
2927,271670.74
2928,542850.5800000001
2929,42196.35
2930,132696.76
2931,471703.07999999996
2932,88785.07999999999
2933,148024.97
2934,136828.45
2935,94017.84
2936,105574.35999999999
2937,63151.65
2938,148968.90999999997
2939,203479.25
2940,288064.44000000006
2941,231021.39
2942,367444.62
2943,130358.84
2944,74676.20999999999
2945,239101.31
2946,609146.6799999999
2947,20057.110000000004
2948,276722.54
2949,577057.22
2950,447213.26
2951,153673.33000000002
2952,96887.68
2953,114809.48000000001
2954,42980.42
2955,49263.8
2956,72032.57999999999
2957,314398.56
2958,125098.94
2959,76959.08
2960,529588.1900000001
2961,56477.270000000004
2962,407711.66000000003
2963,709397.99
2964,48611.4
2965,35580.46000000001
2966,133083.83000000002
2967,94419.23999999999
2968,448073.82999999996
2969,771269.28
2970,83973.10999999999
2971,141481.25
2972,77314.39
2973,319762.88
2974,116625.63
2975,376072.6
2976,239311.08999999997
2977,42896.83
2978,44744.53
2979,158424.48000000004
2980,39931.42
2981,33897.630000000005
2982,198099.57
2983,75815.69
2984,21590.38
2985,139932.43
2986,32857.56
2987,21489.350000000002
2988,52582.85
2989,325691.31
2990,246874.33000000002
2991,15194.13
2992,180721.5
2993,132053.52
2994,31507.89
2995,723115.39
2996,23955.74
2997,161429.83
2998,94416.76000000001
2999,29065.69
3000,169488.92
